Sharding	Nb_shards	Requete	Temp_exec	Num_run	Mean_ref_time	Std_ref_time
Names	3	requête_1	0.040992259979248	0	0.2314752221107482	0.0070297779491391
Names	3	requête_1	0.0460784435272216	1	0.2314752221107482	0.0070297779491391
Names	3	requête_1	0.0419778823852539	2	0.2314752221107482	0.0070297779491391
Names	3	requête_1	0.0412964820861816	3	0.2314752221107482	0.0070297779491391
Names	3	requête_1	0.0426366329193115	4	0.2314752221107482	0.0070297779491391
Names	3	requête_1	0.0425267219543457	5	0.2314752221107482	0.0070297779491391
Names	3	requête_1	0.0415637493133544	6	0.2314752221107482	0.0070297779491391
Names	3	requête_1	0.0425267219543457	7	0.2314752221107482	0.0070297779491391
Names	3	requête_1	0.04360032081604	8	0.2314752221107482	0.0070297779491391
Names	3	requête_1	0.0453717708587646	9	0.2314752221107482	0.0070297779491391
Names	3	requête_2	0.4996764659881592	0	0.2314752221107482	0.0070297779491391
Names	3	requête_2	0.499943733215332	1	0.2314752221107482	0.0070297779491391
Names	3	requête_2	0.5049350261688232	2	0.2314752221107482	0.0070297779491391
Names	3	requête_2	0.5067739486694336	3	0.2314752221107482	0.0070297779491391
Names	3	requête_2	0.5076379776000977	4	0.2314752221107482	0.0070297779491391
Names	3	requête_2	0.5023684501647949	5	0.2314752221107482	0.0070297779491391
Names	3	requête_2	0.5033037662506104	6	0.2314752221107482	0.0070297779491391
Names	3	requête_2	0.5020384788513184	7	0.2314752221107482	0.0070297779491391
Names	3	requête_2	0.5005784034729004	8	0.2314752221107482	0.0070297779491391
Names	3	requête_2	0.5074501037597656	9	0.2314752221107482	0.0070297779491391
Names	3	requête_3	0.5130178928375244	0	0.2314752221107482	0.0070297779491391
Names	3	requête_3	0.535552978515625	1	0.2314752221107482	0.0070297779491391
Names	3	requête_3	0.507237434387207	2	0.2314752221107482	0.0070297779491391
Names	3	requête_3	0.5060653686523438	3	0.2314752221107482	0.0070297779491391
Names	3	requête_3	0.5176186561584473	4	0.2314752221107482	0.0070297779491391
Names	3	requête_3	0.5099787712097168	5	0.2314752221107482	0.0070297779491391
Names	3	requête_3	0.5952134132385254	6	0.2314752221107482	0.0070297779491391
Names	3	requête_3	0.5091958045959473	7	0.2314752221107482	0.0070297779491391
Names	3	requête_3	0.5625078678131104	8	0.2314752221107482	0.0070297779491391
Names	3	requête_3	0.6002154350280762	9	0.2314752221107482	0.0070297779491391
Names	3	requête_4	0.0441203117370605	0	0.2314752221107482	0.0070297779491391
Names	3	requête_4	0.0501201152801513	1	0.2314752221107482	0.0070297779491391
Names	3	requête_4	0.0992431640625	2	0.2314752221107482	0.0070297779491391
Names	3	requête_4	0.0826795101165771	3	0.2314752221107482	0.0070297779491391
Names	3	requête_4	0.0424952507019043	4	0.2314752221107482	0.0070297779491391
Names	3	requête_4	0.042182445526123	5	0.2314752221107482	0.0070297779491391
Names	3	requête_4	0.0501205921173095	6	0.2314752221107482	0.0070297779491391
Names	3	requête_4	0.0422348976135253	7	0.2314752221107482	0.0070297779491391
Names	3	requête_4	0.0421938896179199	8	0.2314752221107482	0.0070297779491391
Names	3	requête_4	0.0429639816284179	9	0.2314752221107482	0.0070297779491391
Names	3	requête_5	0.5605175495147705	0	0.2314752221107482	0.0070297779491391
Names	3	requête_5	0.5780258178710938	1	0.2314752221107482	0.0070297779491391
Names	3	requête_5	0.5685029029846191	2	0.2314752221107482	0.0070297779491391
Names	3	requête_5	0.623504638671875	3	0.2314752221107482	0.0070297779491391
Names	3	requête_5	0.5916500091552734	4	0.2314752221107482	0.0070297779491391
Names	3	requête_5	0.5865392684936523	5	0.2314752221107482	0.0070297779491391
Names	3	requête_5	0.5890603065490723	6	0.2314752221107482	0.0070297779491391
Names	3	requête_5	0.5772013664245605	7	0.2314752221107482	0.0070297779491391
Names	3	requête_5	0.5853397846221924	8	0.2314752221107482	0.0070297779491391
Names	3	requête_5	0.5799875259399414	9	0.2314752221107482	0.0070297779491391
Names	3	requête_7	0.1738102436065673	0	0.2314752221107482	0.0070297779491391
Names	3	requête_7	0.1725671291351318	1	0.2314752221107482	0.0070297779491391
Names	3	requête_7	0.1681976318359375	2	0.2314752221107482	0.0070297779491391
Names	3	requête_7	0.1866302490234375	3	0.2314752221107482	0.0070297779491391
Names	3	requête_7	0.2259466648101806	4	0.2314752221107482	0.0070297779491391
Names	3	requête_7	0.1716182231903076	5	0.2314752221107482	0.0070297779491391
Names	3	requête_7	0.175307035446167	6	0.2314752221107482	0.0070297779491391
Names	3	requête_7	0.1963353157043457	7	0.2314752221107482	0.0070297779491391
Names	3	requête_7	0.1719698905944824	8	0.2314752221107482	0.0070297779491391
Names	3	requête_7	0.211160659790039	9	0.2314752221107482	0.0070297779491391
Names	3	requête_8	7.494921207427978	0	0.2314752221107482	0.0070297779491391
Names	3	requête_8	7.726637363433838	1	0.2314752221107482	0.0070297779491391
Names	3	requête_8	7.755886793136597	2	0.2314752221107482	0.0070297779491391
Names	3	requête_8	7.41295862197876	3	0.2314752221107482	0.0070297779491391
Names	3	requête_8	7.713804006576538	4	0.2314752221107482	0.0070297779491391
Names	3	requête_8	7.602130889892578	5	0.2314752221107482	0.0070297779491391
Names	3	requête_8	7.492665290832519	6	0.2314752221107482	0.0070297779491391
Names	3	requête_8	7.546400785446167	7	0.2314752221107482	0.0070297779491391
Names	3	requête_8	7.717914581298828	8	0.2314752221107482	0.0070297779491391
Names	3	requête_8	7.590717077255249	9	0.2314752221107482	0.0070297779491391
year	3	requête_1	0.1423439979553222	0	0.235669138431549	0.0097939899113741
year	3	requête_1	0.1423604488372802	1	0.235669138431549	0.0097939899113741
year	3	requête_1	0.1461050510406494	2	0.235669138431549	0.0097939899113741
year	3	requête_1	0.1458179950714111	3	0.235669138431549	0.0097939899113741
year	3	requête_1	0.1460936069488525	4	0.235669138431549	0.0097939899113741
year	3	requête_1	0.1420719623565673	5	0.235669138431549	0.0097939899113741
year	3	requête_1	0.1448979377746582	6	0.235669138431549	0.0097939899113741
year	3	requête_1	0.1434845924377441	7	0.235669138431549	0.0097939899113741
year	3	requête_1	0.1450541019439697	8	0.235669138431549	0.0097939899113741
year	3	requête_1	0.1418848037719726	9	0.235669138431549	0.0097939899113741
year	3	requête_2	0.526494026184082	0	0.235669138431549	0.0097939899113741
year	3	requête_2	0.526951789855957	1	0.235669138431549	0.0097939899113741
year	3	requête_2	0.5261497497558594	2	0.235669138431549	0.0097939899113741
year	3	requête_2	0.5286762714385986	3	0.235669138431549	0.0097939899113741
year	3	requête_2	0.5606653690338135	4	0.235669138431549	0.0097939899113741
year	3	requête_2	0.5249524116516113	5	0.235669138431549	0.0097939899113741
year	3	requête_2	0.5250983238220215	6	0.235669138431549	0.0097939899113741
year	3	requête_2	0.5244672298431396	7	0.235669138431549	0.0097939899113741
year	3	requête_2	0.5287933349609375	8	0.235669138431549	0.0097939899113741
year	3	requête_2	0.5231659412384033	9	0.235669138431549	0.0097939899113741
year	3	requête_3	0.5285513401031494	0	0.235669138431549	0.0097939899113741
year	3	requête_3	0.5313694477081299	1	0.235669138431549	0.0097939899113741
year	3	requête_3	0.533665657043457	2	0.235669138431549	0.0097939899113741
year	3	requête_3	0.5702531337738037	3	0.235669138431549	0.0097939899113741
year	3	requête_3	0.534334659576416	4	0.235669138431549	0.0097939899113741
year	3	requête_3	0.534254789352417	5	0.235669138431549	0.0097939899113741
year	3	requête_3	0.5311806201934814	6	0.235669138431549	0.0097939899113741
year	3	requête_3	0.5329995155334473	7	0.235669138431549	0.0097939899113741
year	3	requête_3	0.5325276851654053	8	0.235669138431549	0.0097939899113741
year	3	requête_3	0.5332181453704834	9	0.235669138431549	0.0097939899113741
year	3	requête_4	0.0443136692047119	0	0.235669138431549	0.0097939899113741
year	3	requête_4	0.0421960353851318	1	0.235669138431549	0.0097939899113741
year	3	requête_4	0.0686852931976318	2	0.235669138431549	0.0097939899113741
year	3	requête_4	0.0425913333892822	3	0.235669138431549	0.0097939899113741
year	3	requête_4	0.042633056640625	4	0.235669138431549	0.0097939899113741
year	3	requête_4	0.0503582954406738	5	0.235669138431549	0.0097939899113741
year	3	requête_4	0.0417830944061279	6	0.235669138431549	0.0097939899113741
year	3	requête_4	0.0422339439392089	7	0.235669138431549	0.0097939899113741
year	3	requête_4	0.0461072921752929	8	0.235669138431549	0.0097939899113741
year	3	requête_4	0.0416526794433593	9	0.235669138431549	0.0097939899113741
year	3	requête_5	0.5473349094390869	0	0.235669138431549	0.0097939899113741
year	3	requête_5	0.5296504497528076	1	0.235669138431549	0.0097939899113741
year	3	requête_5	0.5287611484527588	2	0.235669138431549	0.0097939899113741
year	3	requête_5	0.5341053009033203	3	0.235669138431549	0.0097939899113741
year	3	requête_5	0.5241498947143555	4	0.235669138431549	0.0097939899113741
year	3	requête_5	0.5258650779724121	5	0.235669138431549	0.0097939899113741
year	3	requête_5	0.5757741928100586	6	0.235669138431549	0.0097939899113741
year	3	requête_5	0.5260426998138428	7	0.235669138431549	0.0097939899113741
year	3	requête_5	0.539337158203125	8	0.235669138431549	0.0097939899113741
year	3	requête_5	0.5279572010040283	9	0.235669138431549	0.0097939899113741
year	3	requête_7	0.1311039924621582	0	0.235669138431549	0.0097939899113741
year	3	requête_7	0.1292386054992675	1	0.235669138431549	0.0097939899113741
year	3	requête_7	0.1292717456817627	2	0.235669138431549	0.0097939899113741
year	3	requête_7	0.132789134979248	3	0.235669138431549	0.0097939899113741
year	3	requête_7	0.1388154029846191	4	0.235669138431549	0.0097939899113741
year	3	requête_7	0.1296970844268798	5	0.235669138431549	0.0097939899113741
year	3	requête_7	0.1301867961883545	6	0.235669138431549	0.0097939899113741
year	3	requête_7	0.1338758468627929	7	0.235669138431549	0.0097939899113741
year	3	requête_7	0.1292695999145507	8	0.235669138431549	0.0097939899113741
year	3	requête_7	0.1288526058197021	9	0.235669138431549	0.0097939899113741
year	3	requête_8	8.696467876434326	0	0.235669138431549	0.0097939899113741
year	3	requête_8	8.703757047653198	1	0.235669138431549	0.0097939899113741
year	3	requête_8	8.823623180389404	2	0.235669138431549	0.0097939899113741
year	3	requête_8	8.709405899047852	3	0.235669138431549	0.0097939899113741
year	3	requête_8	8.719159603118896	4	0.235669138431549	0.0097939899113741
year	3	requête_8	8.824773788452148	5	0.235669138431549	0.0097939899113741
year	3	requête_8	8.740199565887451	6	0.235669138431549	0.0097939899113741
year	3	requête_8	8.793936252593994	7	0.235669138431549	0.0097939899113741
year	3	requête_8	8.655468225479126	8	0.235669138431549	0.0097939899113741
year	3	requête_8	8.773203372955322	9	0.235669138431549	0.0097939899113741
Names	4	requête_1	0.0416455268859863	0	0.2294315981864929	0.0071094603648548
Names	4	requête_1	0.0416488647460937	1	0.2294315981864929	0.0071094603648548
Names	4	requête_1	0.0421044826507568	2	0.2294315981864929	0.0071094603648548
Names	4	requête_1	0.041013479232788	3	0.2294315981864929	0.0071094603648548
Names	4	requête_1	0.0429627895355224	4	0.2294315981864929	0.0071094603648548
Names	4	requête_1	0.0415678024291992	5	0.2294315981864929	0.0071094603648548
Names	4	requête_1	0.040618896484375	6	0.2294315981864929	0.0071094603648548
Names	4	requête_1	0.0446188449859619	7	0.2294315981864929	0.0071094603648548
Names	4	requête_1	0.0414199829101562	8	0.2294315981864929	0.0071094603648548
Names	4	requête_1	0.0420131683349609	9	0.2294315981864929	0.0071094603648548
Names	4	requête_2	0.5064394474029541	0	0.2294315981864929	0.0071094603648548
Names	4	requête_2	0.5093762874603271	1	0.2294315981864929	0.0071094603648548
Names	4	requête_2	0.498042345046997	2	0.2294315981864929	0.0071094603648548
Names	4	requête_2	0.505195140838623	3	0.2294315981864929	0.0071094603648548
Names	4	requête_2	0.5005688667297363	4	0.2294315981864929	0.0071094603648548
Names	4	requête_2	0.50319504737854	5	0.2294315981864929	0.0071094603648548
Names	4	requête_2	0.5272212028503418	6	0.2294315981864929	0.0071094603648548
Names	4	requête_2	0.5043566226959229	7	0.2294315981864929	0.0071094603648548
Names	4	requête_2	0.5075747966766357	8	0.2294315981864929	0.0071094603648548
Names	4	requête_2	0.5394992828369141	9	0.2294315981864929	0.0071094603648548
Names	4	requête_3	0.505866527557373	0	0.2294315981864929	0.0071094603648548
Names	4	requête_3	0.5063881874084473	1	0.2294315981864929	0.0071094603648548
Names	4	requête_3	0.5460343360900879	2	0.2294315981864929	0.0071094603648548
Names	4	requête_3	0.5049548149108887	3	0.2294315981864929	0.0071094603648548
Names	4	requête_3	0.5274460315704346	4	0.2294315981864929	0.0071094603648548
Names	4	requête_3	0.507251501083374	5	0.2294315981864929	0.0071094603648548
Names	4	requête_3	0.5459349155426025	6	0.2294315981864929	0.0071094603648548
Names	4	requête_3	0.5068280696868896	7	0.2294315981864929	0.0071094603648548
Names	4	requête_3	0.5427610874176025	8	0.2294315981864929	0.0071094603648548
Names	4	requête_3	0.5054585933685303	9	0.2294315981864929	0.0071094603648548
Names	4	requête_4	0.0457015037536621	0	0.2294315981864929	0.0071094603648548
Names	4	requête_4	0.0418915748596191	1	0.2294315981864929	0.0071094603648548
Names	4	requête_4	0.0463581085205078	2	0.2294315981864929	0.0071094603648548
Names	4	requête_4	0.0418801307678222	3	0.2294315981864929	0.0071094603648548
Names	4	requête_4	0.044539451599121	4	0.2294315981864929	0.0071094603648548
Names	4	requête_4	0.0444316864013671	5	0.2294315981864929	0.0071094603648548
Names	4	requête_4	0.0426259040832519	6	0.2294315981864929	0.0071094603648548
Names	4	requête_4	0.0440142154693603	7	0.2294315981864929	0.0071094603648548
Names	4	requête_4	0.0431227684020996	8	0.2294315981864929	0.0071094603648548
Names	4	requête_4	0.0404160022735595	9	0.2294315981864929	0.0071094603648548
Names	4	requête_5	0.5945174694061279	0	0.2294315981864929	0.0071094603648548
Names	4	requête_5	0.5557630062103271	1	0.2294315981864929	0.0071094603648548
Names	4	requête_5	0.5869841575622559	2	0.2294315981864929	0.0071094603648548
Names	4	requête_5	0.5662226676940918	3	0.2294315981864929	0.0071094603648548
Names	4	requête_5	0.5704681873321533	4	0.2294315981864929	0.0071094603648548
Names	4	requête_5	0.5586812496185303	5	0.2294315981864929	0.0071094603648548
Names	4	requête_5	0.5352339744567871	6	0.2294315981864929	0.0071094603648548
Names	4	requête_5	0.5415210723876953	7	0.2294315981864929	0.0071094603648548
Names	4	requête_5	0.5533764362335205	8	0.2294315981864929	0.0071094603648548
Names	4	requête_5	0.5501155853271484	9	0.2294315981864929	0.0071094603648548
Names	4	requête_7	0.1710360050201416	0	0.2294315981864929	0.0071094603648548
Names	4	requête_7	0.1711800098419189	1	0.2294315981864929	0.0071094603648548
Names	4	requête_7	0.1705362796783447	2	0.2294315981864929	0.0071094603648548
Names	4	requête_7	0.1743044853210449	3	0.2294315981864929	0.0071094603648548
Names	4	requête_7	0.1675727367401123	4	0.2294315981864929	0.0071094603648548
Names	4	requête_7	0.1730051040649414	5	0.2294315981864929	0.0071094603648548
Names	4	requête_7	0.1733269691467285	6	0.2294315981864929	0.0071094603648548
Names	4	requête_7	0.1683535575866699	7	0.2294315981864929	0.0071094603648548
Names	4	requête_7	0.1732819080352783	8	0.2294315981864929	0.0071094603648548
Names	4	requête_7	0.1768314838409423	9	0.2294315981864929	0.0071094603648548
Names	4	requête_8	7.352468252182007	0	0.2294315981864929	0.0071094603648548
Names	4	requête_8	7.413845777511597	1	0.2294315981864929	0.0071094603648548
Names	4	requête_8	7.433417081832886	2	0.2294315981864929	0.0071094603648548
Names	4	requête_8	7.588864803314209	3	0.2294315981864929	0.0071094603648548
Names	4	requête_8	7.305032253265381	4	0.2294315981864929	0.0071094603648548
Names	4	requête_8	7.74356198310852	5	0.2294315981864929	0.0071094603648548
Names	4	requête_8	7.808988571166992	6	0.2294315981864929	0.0071094603648548
Names	4	requête_8	7.392524719238281	7	0.2294315981864929	0.0071094603648548
Names	4	requête_8	7.663715600967407	8	0.2294315981864929	0.0071094603648548
Names	4	requête_8	7.496320486068726	9	0.2294315981864929	0.0071094603648548
year	4	requête_1	0.136279821395874	0	0.2093043255805969	0.0080934449074377
year	4	requête_1	0.13539719581604	1	0.2093043255805969	0.0080934449074377
year	4	requête_1	0.1353354454040527	2	0.2093043255805969	0.0080934449074377
year	4	requête_1	0.1330747604370117	3	0.2093043255805969	0.0080934449074377
year	4	requête_1	0.1348183155059814	4	0.2093043255805969	0.0080934449074377
year	4	requête_1	0.1434636116027832	5	0.2093043255805969	0.0080934449074377
year	4	requête_1	0.1349062919616699	6	0.2093043255805969	0.0080934449074377
year	4	requête_1	0.1325843334197998	7	0.2093043255805969	0.0080934449074377
year	4	requête_1	0.1345584392547607	8	0.2093043255805969	0.0080934449074377
year	4	requête_1	0.1396970748901367	9	0.2093043255805969	0.0080934449074377
year	4	requête_2	0.4392738342285156	0	0.2093043255805969	0.0080934449074377
year	4	requête_2	0.4458570480346679	1	0.2093043255805969	0.0080934449074377
year	4	requête_2	0.4427433013916015	2	0.2093043255805969	0.0080934449074377
year	4	requête_2	0.4387857913970947	3	0.2093043255805969	0.0080934449074377
year	4	requête_2	0.4389081001281738	4	0.2093043255805969	0.0080934449074377
year	4	requête_2	0.4376809597015381	5	0.2093043255805969	0.0080934449074377
year	4	requête_2	0.4407756328582763	6	0.2093043255805969	0.0080934449074377
year	4	requête_2	0.4402685165405273	7	0.2093043255805969	0.0080934449074377
year	4	requête_2	0.476794958114624	8	0.2093043255805969	0.0080934449074377
year	4	requête_2	0.4377357959747314	9	0.2093043255805969	0.0080934449074377
year	4	requête_3	0.4436306953430176	0	0.2093043255805969	0.0080934449074377
year	4	requête_3	0.4818863868713379	1	0.2093043255805969	0.0080934449074377
year	4	requête_3	0.4393587112426758	2	0.2093043255805969	0.0080934449074377
year	4	requête_3	0.4446065425872803	3	0.2093043255805969	0.0080934449074377
year	4	requête_3	0.4455842971801758	4	0.2093043255805969	0.0080934449074377
year	4	requête_3	0.4405312538146972	5	0.2093043255805969	0.0080934449074377
year	4	requête_3	0.4452452659606933	6	0.2093043255805969	0.0080934449074377
year	4	requête_3	0.4422266483306885	7	0.2093043255805969	0.0080934449074377
year	4	requête_3	0.4661424160003662	8	0.2093043255805969	0.0080934449074377
year	4	requête_3	0.4500100612640381	9	0.2093043255805969	0.0080934449074377
year	4	requête_4	0.0566785335540771	0	0.2093043255805969	0.0080934449074377
year	4	requête_4	0.0420105457305908	1	0.2093043255805969	0.0080934449074377
year	4	requête_4	0.0455400943756103	2	0.2093043255805969	0.0080934449074377
year	4	requête_4	0.0837564468383789	3	0.2093043255805969	0.0080934449074377
year	4	requête_4	0.0426845550537109	4	0.2093043255805969	0.0080934449074377
year	4	requête_4	0.0470356941223144	5	0.2093043255805969	0.0080934449074377
year	4	requête_4	0.0446095466613769	6	0.2093043255805969	0.0080934449074377
year	4	requête_4	0.0435173511505126	7	0.2093043255805969	0.0080934449074377
year	4	requête_4	0.0437648296356201	8	0.2093043255805969	0.0080934449074377
year	4	requête_4	0.0436799526214599	9	0.2093043255805969	0.0080934449074377
year	4	requête_5	0.4640288352966308	0	0.2093043255805969	0.0080934449074377
year	4	requête_5	0.463956356048584	1	0.2093043255805969	0.0080934449074377
year	4	requête_5	0.4914872646331787	2	0.2093043255805969	0.0080934449074377
year	4	requête_5	0.4555964469909668	3	0.2093043255805969	0.0080934449074377
year	4	requête_5	0.4639737606048584	4	0.2093043255805969	0.0080934449074377
year	4	requête_5	0.4771640300750732	5	0.2093043255805969	0.0080934449074377
year	4	requête_5	0.4703717231750488	6	0.2093043255805969	0.0080934449074377
year	4	requête_5	0.4563028812408447	7	0.2093043255805969	0.0080934449074377
year	4	requête_5	0.503058910369873	8	0.2093043255805969	0.0080934449074377
year	4	requête_5	0.479264497756958	9	0.2093043255805969	0.0080934449074377
year	4	requête_7	0.1420557498931884	0	0.2093043255805969	0.0080934449074377
year	4	requête_7	0.1429476737976074	1	0.2093043255805969	0.0080934449074377
year	4	requête_7	0.1330158710479736	2	0.2093043255805969	0.0080934449074377
year	4	requête_7	0.1317884922027588	3	0.2093043255805969	0.0080934449074377
year	4	requête_7	0.1382369995117187	4	0.2093043255805969	0.0080934449074377
year	4	requête_7	0.1330680847167968	5	0.2093043255805969	0.0080934449074377
year	4	requête_7	0.1345324516296386	6	0.2093043255805969	0.0080934449074377
year	4	requête_7	0.133958101272583	7	0.2093043255805969	0.0080934449074377
year	4	requête_7	0.1342530250549316	8	0.2093043255805969	0.0080934449074377
year	4	requête_7	0.1311547756195068	9	0.2093043255805969	0.0080934449074377
year	4	requête_8	7.504721879959106	0	0.2093043255805969	0.0080934449074377
year	4	requête_8	7.309885263442993	1	0.2093043255805969	0.0080934449074377
year	4	requête_8	7.360384225845337	2	0.2093043255805969	0.0080934449074377
year	4	requête_8	7.241011619567871	3	0.2093043255805969	0.0080934449074377
year	4	requête_8	7.340277671813965	4	0.2093043255805969	0.0080934449074377
year	4	requête_8	7.126779794692993	5	0.2093043255805969	0.0080934449074377
year	4	requête_8	7.322118282318115	6	0.2093043255805969	0.0080934449074377
year	4	requête_8	7.295305013656616	7	0.2093043255805969	0.0080934449074377
year	4	requête_8	7.261669397354126	8	0.2093043255805969	0.0080934449074377
year	4	requête_8	7.236308813095093	9	0.2093043255805969	0.0080934449074377
Names	2	requête_1	0.0409440994262695	0	0.2740280628204345	0.0102687303439485
Names	2	requête_1	0.0424489974975585	1	0.2740280628204345	0.0102687303439485
Names	2	requête_1	0.0426716804504394	2	0.2740280628204345	0.0102687303439485
Names	2	requête_1	0.0393862724304199	3	0.2740280628204345	0.0102687303439485
Names	2	requête_1	0.0476505756378173	4	0.2740280628204345	0.0102687303439485
Names	2	requête_1	0.0412864685058593	5	0.2740280628204345	0.0102687303439485
Names	2	requête_1	0.0433278083801269	6	0.2740280628204345	0.0102687303439485
Names	2	requête_1	0.0420856475830078	7	0.2740280628204345	0.0102687303439485
Names	2	requête_1	0.0421960353851318	8	0.2740280628204345	0.0102687303439485
Names	2	requête_1	0.0420634746551513	9	0.2740280628204345	0.0102687303439485
Names	2	requête_2	0.5960249900817871	0	0.2740280628204345	0.0102687303439485
Names	2	requête_2	0.6326830387115479	1	0.2740280628204345	0.0102687303439485
Names	2	requête_2	0.5945687294006348	2	0.2740280628204345	0.0102687303439485
Names	2	requête_2	0.5974617004394531	3	0.2740280628204345	0.0102687303439485
Names	2	requête_2	0.5979149341583252	4	0.2740280628204345	0.0102687303439485
Names	2	requête_2	0.5969767570495605	5	0.2740280628204345	0.0102687303439485
Names	2	requête_2	0.597008228302002	6	0.2740280628204345	0.0102687303439485
Names	2	requête_2	0.5961182117462158	7	0.2740280628204345	0.0102687303439485
Names	2	requête_2	0.6029646396636963	8	0.2740280628204345	0.0102687303439485
Names	2	requête_2	0.595958948135376	9	0.2740280628204345	0.0102687303439485
Names	2	requête_3	0.6065959930419922	0	0.2740280628204345	0.0102687303439485
Names	2	requête_3	0.6086146831512451	1	0.2740280628204345	0.0102687303439485
Names	2	requête_3	0.6428122520446777	2	0.2740280628204345	0.0102687303439485
Names	2	requête_3	0.611710786819458	3	0.2740280628204345	0.0102687303439485
Names	2	requête_3	0.6042385101318359	4	0.2740280628204345	0.0102687303439485
Names	2	requête_3	0.6123471260070801	5	0.2740280628204345	0.0102687303439485
Names	2	requête_3	0.6124215126037598	6	0.2740280628204345	0.0102687303439485
Names	2	requête_3	0.6097273826599121	7	0.2740280628204345	0.0102687303439485
Names	2	requête_3	0.606189489364624	8	0.2740280628204345	0.0102687303439485
Names	2	requête_3	0.6245729923248291	9	0.2740280628204345	0.0102687303439485
Names	2	requête_4	0.0420851707458496	0	0.2740280628204345	0.0102687303439485
Names	2	requête_4	0.0412094593048095	1	0.2740280628204345	0.0102687303439485
Names	2	requête_4	0.0414340496063232	2	0.2740280628204345	0.0102687303439485
Names	2	requête_4	0.0431954860687255	3	0.2740280628204345	0.0102687303439485
Names	2	requête_4	0.0421831607818603	4	0.2740280628204345	0.0102687303439485
Names	2	requête_4	0.04307222366333	5	0.2740280628204345	0.0102687303439485
Names	2	requête_4	0.0413625240325927	6	0.2740280628204345	0.0102687303439485
Names	2	requête_4	0.0484232902526855	7	0.2740280628204345	0.0102687303439485
Names	2	requête_4	0.0425102710723876	8	0.2740280628204345	0.0102687303439485
Names	2	requête_4	0.0423998832702636	9	0.2740280628204345	0.0102687303439485
Names	2	requête_5	0.6977016925811768	0	0.2740280628204345	0.0102687303439485
Names	2	requête_5	0.7017867565155029	1	0.2740280628204345	0.0102687303439485
Names	2	requête_5	0.692936897277832	2	0.2740280628204345	0.0102687303439485
Names	2	requête_5	0.6962020397186279	3	0.2740280628204345	0.0102687303439485
Names	2	requête_5	0.6886246204376221	4	0.2740280628204345	0.0102687303439485
Names	2	requête_5	0.6865277290344238	5	0.2740280628204345	0.0102687303439485
Names	2	requête_5	0.7117094993591309	6	0.2740280628204345	0.0102687303439485
Names	2	requête_5	0.7091054916381836	7	0.2740280628204345	0.0102687303439485
Names	2	requête_5	0.6999304294586182	8	0.2740280628204345	0.0102687303439485
Names	2	requête_5	0.7049055099487305	9	0.2740280628204345	0.0102687303439485
Names	2	requête_7	0.2016181945800781	0	0.2740280628204345	0.0102687303439485
Names	2	requête_7	0.2021660804748535	1	0.2740280628204345	0.0102687303439485
Names	2	requête_7	0.1980073451995849	2	0.2740280628204345	0.0102687303439485
Names	2	requête_7	0.2142219543457031	3	0.2740280628204345	0.0102687303439485
Names	2	requête_7	0.1969728469848632	4	0.2740280628204345	0.0102687303439485
Names	2	requête_7	0.1970598697662353	5	0.2740280628204345	0.0102687303439485
Names	2	requête_7	0.1990823745727539	6	0.2740280628204345	0.0102687303439485
Names	2	requête_7	0.2042036056518554	7	0.2740280628204345	0.0102687303439485
Names	2	requête_7	0.2040107250213623	8	0.2740280628204345	0.0102687303439485
Names	2	requête_7	0.1979928016662597	9	0.2740280628204345	0.0102687303439485
Names	2	requête_8	9.71235418319702	0	0.2740280628204345	0.0102687303439485
Names	2	requête_8	9.4879310131073	1	0.2740280628204345	0.0102687303439485
Names	2	requête_8	9.604572296142578	2	0.2740280628204345	0.0102687303439485
Names	2	requête_8	9.53377604484558	3	0.2740280628204345	0.0102687303439485
Names	2	requête_8	9.638086318969728	4	0.2740280628204345	0.0102687303439485
Names	2	requête_8	9.696962356567385	5	0.2740280628204345	0.0102687303439485
Names	2	requête_8	9.695956707000732	6	0.2740280628204345	0.0102687303439485
Names	2	requête_8	9.588778972625732	7	0.2740280628204345	0.0102687303439485
Names	2	requête_8	9.803930044174194	8	0.2740280628204345	0.0102687303439485
Names	2	requête_8	9.66476321220398	9	0.2740280628204345	0.0102687303439485
year	2	requête_1	0.1677982807159423	0	0.2948060607910156	0.0263473180413372
year	2	requête_1	0.1680355072021484	1	0.2948060607910156	0.0263473180413372
year	2	requête_1	0.1691133975982666	2	0.2948060607910156	0.0263473180413372
year	2	requête_1	0.170687198638916	3	0.2948060607910156	0.0263473180413372
year	2	requête_1	0.1693606376647949	4	0.2948060607910156	0.0263473180413372
year	2	requête_1	0.1712291240692138	5	0.2948060607910156	0.0263473180413372
year	2	requête_1	0.1712117195129394	6	0.2948060607910156	0.0263473180413372
year	2	requête_1	0.172245979309082	7	0.2948060607910156	0.0263473180413372
year	2	requête_1	0.1710073947906494	8	0.2948060607910156	0.0263473180413372
year	2	requête_1	0.1783602237701416	9	0.2948060607910156	0.0263473180413372
year	2	requête_2	0.6708376407623291	0	0.2948060607910156	0.0263473180413372
year	2	requête_2	0.6698212623596191	1	0.2948060607910156	0.0263473180413372
year	2	requête_2	0.671095609664917	2	0.2948060607910156	0.0263473180413372
year	2	requête_2	0.6686904430389404	3	0.2948060607910156	0.0263473180413372
year	2	requête_2	0.6712627410888672	4	0.2948060607910156	0.0263473180413372
year	2	requête_2	0.6671383380889893	5	0.2948060607910156	0.0263473180413372
year	2	requête_2	0.6692333221435547	6	0.2948060607910156	0.0263473180413372
year	2	requête_2	0.6723248958587646	7	0.2948060607910156	0.0263473180413372
year	2	requête_2	0.670208215713501	8	0.2948060607910156	0.0263473180413372
year	2	requête_2	0.6714158058166504	9	0.2948060607910156	0.0263473180413372
year	2	requête_3	0.6774783134460449	0	0.2948060607910156	0.0263473180413372
year	2	requête_3	0.6757657527923584	1	0.2948060607910156	0.0263473180413372
year	2	requête_3	0.6749186515808105	2	0.2948060607910156	0.0263473180413372
year	2	requête_3	0.7131452560424805	3	0.2948060607910156	0.0263473180413372
year	2	requête_3	0.674170732498169	4	0.2948060607910156	0.0263473180413372
year	2	requête_3	0.6743507385253906	5	0.2948060607910156	0.0263473180413372
year	2	requête_3	0.7030236721038818	6	0.2948060607910156	0.0263473180413372
year	2	requête_3	0.6802947521209717	7	0.2948060607910156	0.0263473180413372
year	2	requête_3	0.6787617206573486	8	0.2948060607910156	0.0263473180413372
year	2	requête_3	0.6789329051971436	9	0.2948060607910156	0.0263473180413372
year	2	requête_4	0.0422568321228027	0	0.2948060607910156	0.0263473180413372
year	2	requête_4	0.0444650650024414	1	0.2948060607910156	0.0263473180413372
year	2	requête_4	0.0420992374420166	2	0.2948060607910156	0.0263473180413372
year	2	requête_4	0.0415968894958496	3	0.2948060607910156	0.0263473180413372
year	2	requête_4	0.0421283245086669	4	0.2948060607910156	0.0263473180413372
year	2	requête_4	0.0453431606292724	5	0.2948060607910156	0.0263473180413372
year	2	requête_4	0.041886568069458	6	0.2948060607910156	0.0263473180413372
year	2	requête_4	0.042396068572998	7	0.2948060607910156	0.0263473180413372
year	2	requête_4	0.0423779487609863	8	0.2948060607910156	0.0263473180413372
year	2	requête_4	0.0416393280029296	9	0.2948060607910156	0.0263473180413372
year	2	requête_5	0.663926362991333	0	0.2948060607910156	0.0263473180413372
year	2	requête_5	0.6577885150909424	1	0.2948060607910156	0.0263473180413372
year	2	requête_5	0.6802120208740234	2	0.2948060607910156	0.0263473180413372
year	2	requête_5	0.6642093658447266	3	0.2948060607910156	0.0263473180413372
year	2	requête_5	0.6711804866790771	4	0.2948060607910156	0.0263473180413372
year	2	requête_5	0.6786220073699951	5	0.2948060607910156	0.0263473180413372
year	2	requête_5	0.6636216640472412	6	0.2948060607910156	0.0263473180413372
year	2	requête_5	0.6538681983947754	7	0.2948060607910156	0.0263473180413372
year	2	requête_5	0.6908082962036133	8	0.2948060607910156	0.0263473180413372
year	2	requête_5	0.6740477085113525	9	0.2948060607910156	0.0263473180413372
year	2	requête_7	0.1321573257446289	0	0.2948060607910156	0.0263473180413372
year	2	requête_7	0.1326091289520263	1	0.2948060607910156	0.0263473180413372
year	2	requête_7	0.1372730731964111	2	0.2948060607910156	0.0263473180413372
year	2	requête_7	0.132317304611206	3	0.2948060607910156	0.0263473180413372
year	2	requête_7	0.131113052368164	4	0.2948060607910156	0.0263473180413372
year	2	requête_7	0.1655201911926269	5	0.2948060607910156	0.0263473180413372
year	2	requête_7	0.1314208507537841	6	0.2948060607910156	0.0263473180413372
year	2	requête_7	0.1332559585571289	7	0.2948060607910156	0.0263473180413372
year	2	requête_7	0.1324820518493652	8	0.2948060607910156	0.0263473180413372
year	2	requête_7	0.1338851451873779	9	0.2948060607910156	0.0263473180413372
year	2	requête_8	9.941746473312378	0	0.2948060607910156	0.0263473180413372
year	2	requête_8	10.067688465118408	1	0.2948060607910156	0.0263473180413372
year	2	requête_8	9.98669409751892	2	0.2948060607910156	0.0263473180413372
year	2	requête_8	9.88770627975464	3	0.2948060607910156	0.0263473180413372
year	2	requête_8	9.862873792648315	4	0.2948060607910156	0.0263473180413372
year	2	requête_8	10.08297061920166	5	0.2948060607910156	0.0263473180413372
year	2	requête_8	10.252970457077026	6	0.2948060607910156	0.0263473180413372
year	2	requête_8	10.367296695709229	7	0.2948060607910156	0.0263473180413372
year	2	requête_8	10.263270139694214	8	0.2948060607910156	0.0263473180413372
year	2	requête_8	10.175019025802612	9	0.2948060607910156	0.0263473180413372
Names	1	requête_1	0.0423192977905273	0	0.4732629060745239	0.0107149547162636
Names	1	requête_1	0.044459581375122	1	0.4732629060745239	0.0107149547162636
Names	1	requête_1	0.041658878326416	2	0.4732629060745239	0.0107149547162636
Names	1	requête_1	0.0432853698730468	3	0.4732629060745239	0.0107149547162636
Names	1	requête_1	0.0409700870513916	4	0.4732629060745239	0.0107149547162636
Names	1	requête_1	0.0461094379425048	5	0.4732629060745239	0.0107149547162636
Names	1	requête_1	0.0423493385314941	6	0.4732629060745239	0.0107149547162636
Names	1	requête_1	0.0790648460388183	7	0.4732629060745239	0.0107149547162636
Names	1	requête_1	0.040811538696289	8	0.4732629060745239	0.0107149547162636
Names	1	requête_1	0.0416159629821777	9	0.4732629060745239	0.0107149547162636
Names	1	requête_2	1.03857159614563	0	0.4732629060745239	0.0107149547162636
Names	1	requête_2	1.0359714031219482	1	0.4732629060745239	0.0107149547162636
Names	1	requête_2	1.0482120513916016	2	0.4732629060745239	0.0107149547162636
Names	1	requête_2	1.0280992984771729	3	0.4732629060745239	0.0107149547162636
Names	1	requête_2	1.031381368637085	4	0.4732629060745239	0.0107149547162636
Names	1	requête_2	1.0380709171295166	5	0.4732629060745239	0.0107149547162636
Names	1	requête_2	1.0273497104644775	6	0.4732629060745239	0.0107149547162636
Names	1	requête_2	1.0248956680297852	7	0.4732629060745239	0.0107149547162636
Names	1	requête_2	1.0298819541931152	8	0.4732629060745239	0.0107149547162636
Names	1	requête_2	1.0243568420410156	9	0.4732629060745239	0.0107149547162636
Names	1	requête_3	1.0353155136108398	0	0.4732629060745239	0.0107149547162636
Names	1	requête_3	1.0323243141174316	1	0.4732629060745239	0.0107149547162636
Names	1	requête_3	1.044635772705078	2	0.4732629060745239	0.0107149547162636
Names	1	requête_3	1.033369779586792	3	0.4732629060745239	0.0107149547162636
Names	1	requête_3	1.0331475734710691	4	0.4732629060745239	0.0107149547162636
Names	1	requête_3	1.0343308448791504	5	0.4732629060745239	0.0107149547162636
Names	1	requête_3	1.0395569801330566	6	0.4732629060745239	0.0107149547162636
Names	1	requête_3	1.0365097522735596	7	0.4732629060745239	0.0107149547162636
Names	1	requête_3	1.0345475673675537	8	0.4732629060745239	0.0107149547162636
Names	1	requête_3	1.0513606071472168	9	0.4732629060745239	0.0107149547162636
Names	1	requête_4	0.0419564247131347	0	0.4732629060745239	0.0107149547162636
Names	1	requête_4	0.0435547828674316	1	0.4732629060745239	0.0107149547162636
Names	1	requête_4	0.0406286716461181	2	0.4732629060745239	0.0107149547162636
Names	1	requête_4	0.0415046215057373	3	0.4732629060745239	0.0107149547162636
Names	1	requête_4	0.0423836708068847	4	0.4732629060745239	0.0107149547162636
Names	1	requête_4	0.0410056114196777	5	0.4732629060745239	0.0107149547162636
Names	1	requête_4	0.0414619445800781	6	0.4732629060745239	0.0107149547162636
Names	1	requête_4	0.0405604839324951	7	0.4732629060745239	0.0107149547162636
Names	1	requête_4	0.0760064125061035	8	0.4732629060745239	0.0107149547162636
Names	1	requête_4	0.0401015281677246	9	0.4732629060745239	0.0107149547162636
Names	1	requête_5	0.8252298831939697	0	0.4732629060745239	0.0107149547162636
Names	1	requête_5	0.8303158283233643	1	0.4732629060745239	0.0107149547162636
Names	1	requête_5	0.8167810440063477	2	0.4732629060745239	0.0107149547162636
Names	1	requête_5	0.8255195617675781	3	0.4732629060745239	0.0107149547162636
Names	1	requête_5	0.8171768188476562	4	0.4732629060745239	0.0107149547162636
Names	1	requête_5	0.8202323913574219	5	0.4732629060745239	0.0107149547162636
Names	1	requête_5	0.8254985809326172	6	0.4732629060745239	0.0107149547162636
Names	1	requête_5	0.8234565258026123	7	0.4732629060745239	0.0107149547162636
Names	1	requête_5	0.8286895751953125	8	0.4732629060745239	0.0107149547162636
Names	1	requête_5	0.8278601169586182	9	0.4732629060745239	0.0107149547162636
Names	1	requête_7	0.3330280780792236	0	0.4732629060745239	0.0107149547162636
Names	1	requête_7	0.3309803009033203	1	0.4732629060745239	0.0107149547162636
Names	1	requête_7	0.3269720077514648	2	0.4732629060745239	0.0107149547162636
Names	1	requête_7	0.3291337490081787	3	0.4732629060745239	0.0107149547162636
Names	1	requête_7	0.3273594379425049	4	0.4732629060745239	0.0107149547162636
Names	1	requête_7	0.330061674118042	5	0.4732629060745239	0.0107149547162636
Names	1	requête_7	0.3292417526245117	6	0.4732629060745239	0.0107149547162636
Names	1	requête_7	0.3286347389221191	7	0.4732629060745239	0.0107149547162636
Names	1	requête_7	0.3288686275482178	8	0.4732629060745239	0.0107149547162636
Names	1	requête_7	0.3299798965454101	9	0.4732629060745239	0.0107149547162636
Names	1	requête_8	9.085094451904297	0	0.4732629060745239	0.0107149547162636
Names	1	requête_8	9.139309406280518	1	0.4732629060745239	0.0107149547162636
Names	1	requête_8	9.16155219078064	2	0.4732629060745239	0.0107149547162636
Names	1	requête_8	9.200270652770996	3	0.4732629060745239	0.0107149547162636
Names	1	requête_8	9.120575189590454	4	0.4732629060745239	0.0107149547162636
Names	1	requête_8	9.165584087371826	5	0.4732629060745239	0.0107149547162636
Names	1	requête_8	9.194444179534912	6	0.4732629060745239	0.0107149547162636
Names	1	requête_8	9.213897705078123	7	0.4732629060745239	0.0107149547162636
Names	1	requête_8	9.351730108261108	8	0.4732629060745239	0.0107149547162636
Names	1	requête_8	9.525972843170166	9	0.4732629060745239	0.0107149547162636
year	1	requête_1	0.251854658126831	0	0.5940265607833862	0.0892424448719154
year	1	requête_1	0.2505085468292236	1	0.5940265607833862	0.0892424448719154
year	1	requête_1	0.2540421485900879	2	0.5940265607833862	0.0892424448719154
year	1	requête_1	0.253061294555664	3	0.5940265607833862	0.0892424448719154
year	1	requête_1	0.2543613910675049	4	0.5940265607833862	0.0892424448719154
year	1	requête_1	0.2550923824310303	5	0.5940265607833862	0.0892424448719154
year	1	requête_1	0.2550768852233886	6	0.5940265607833862	0.0892424448719154
year	1	requête_1	0.2521364688873291	7	0.5940265607833862	0.0892424448719154
year	1	requête_1	0.2528350353240967	8	0.5940265607833862	0.0892424448719154
year	1	requête_1	0.2539567947387695	9	0.5940265607833862	0.0892424448719154
year	1	requête_2	1.018240451812744	0	0.5940265607833862	0.0892424448719154
year	1	requête_2	1.0187177658081057	1	0.5940265607833862	0.0892424448719154
year	1	requête_2	1.0226070880889893	2	0.5940265607833862	0.0892424448719154
year	1	requête_2	1.0171356201171875	3	0.5940265607833862	0.0892424448719154
year	1	requête_2	1.0172936916351318	4	0.5940265607833862	0.0892424448719154
year	1	requête_2	1.0182297229766846	5	0.5940265607833862	0.0892424448719154
year	1	requête_2	1.018080234527588	6	0.5940265607833862	0.0892424448719154
year	1	requête_2	1.018334150314331	7	0.5940265607833862	0.0892424448719154
year	1	requête_2	1.0193469524383545	8	0.5940265607833862	0.0892424448719154
year	1	requête_2	1.0199124813079834	9	0.5940265607833862	0.0892424448719154
year	1	requête_3	1.0272347927093506	0	0.5940265607833862	0.0892424448719154
year	1	requête_3	1.022390365600586	1	0.5940265607833862	0.0892424448719154
year	1	requête_3	1.0222430229187012	2	0.5940265607833862	0.0892424448719154
year	1	requête_3	1.0261671543121338	3	0.5940265607833862	0.0892424448719154
year	1	requête_3	1.0286264419555664	4	0.5940265607833862	0.0892424448719154
year	1	requête_3	1.0860533714294434	5	0.5940265607833862	0.0892424448719154
year	1	requête_3	1.0277361869812012	6	0.5940265607833862	0.0892424448719154
year	1	requête_3	1.0265734195709229	7	0.5940265607833862	0.0892424448719154
year	1	requête_3	1.0254743099212646	8	0.5940265607833862	0.0892424448719154
year	1	requête_3	1.0238466262817385	9	0.5940265607833862	0.0892424448719154
year	1	requête_4	0.033475637435913	0	0.5940265607833862	0.0892424448719154
year	1	requête_4	0.0295794010162353	1	0.5940265607833862	0.0892424448719154
year	1	requête_4	0.0308871269226074	2	0.5940265607833862	0.0892424448719154
year	1	requête_4	0.0318257808685302	3	0.5940265607833862	0.0892424448719154
year	1	requête_4	0.0337080955505371	4	0.5940265607833862	0.0892424448719154
year	1	requête_4	0.031588077545166	5	0.5940265607833862	0.0892424448719154
year	1	requête_4	0.0303695201873779	6	0.5940265607833862	0.0892424448719154
year	1	requête_4	0.0306172370910644	7	0.5940265607833862	0.0892424448719154
year	1	requête_4	0.0316340923309326	8	0.5940265607833862	0.0892424448719154
year	1	requête_4	0.0303976535797119	9	0.5940265607833862	0.0892424448719154
year	1	requête_5	0.8002290725708008	0	0.5940265607833862	0.0892424448719154
year	1	requête_5	0.799973726272583	1	0.5940265607833862	0.0892424448719154
year	1	requête_5	0.7990121841430664	2	0.5940265607833862	0.0892424448719154
year	1	requête_5	0.8039214611053467	3	0.5940265607833862	0.0892424448719154
year	1	requête_5	0.8001103401184082	4	0.5940265607833862	0.0892424448719154
year	1	requête_5	0.8023133277893066	5	0.5940265607833862	0.0892424448719154
year	1	requête_5	0.8037610054016113	6	0.5940265607833862	0.0892424448719154
year	1	requête_5	0.7972071170806885	7	0.5940265607833862	0.0892424448719154
year	1	requête_5	0.798762321472168	8	0.5940265607833862	0.0892424448719154
year	1	requête_5	0.7972121238708496	9	0.5940265607833862	0.0892424448719154
year	1	requête_7	0.1151404380798339	0	0.5940265607833862	0.0892424448719154
year	1	requête_7	0.116004467010498	1	0.5940265607833862	0.0892424448719154
year	1	requête_7	0.1169238090515136	2	0.5940265607833862	0.0892424448719154
year	1	requête_7	0.1189033985137939	3	0.5940265607833862	0.0892424448719154
year	1	requête_7	0.1222355365753173	4	0.5940265607833862	0.0892424448719154
year	1	requête_7	0.1141102313995361	5	0.5940265607833862	0.0892424448719154
year	1	requête_7	0.1181862354278564	6	0.5940265607833862	0.0892424448719154
year	1	requête_7	0.1162710189819336	7	0.5940265607833862	0.0892424448719154
year	1	requête_7	0.1154789924621582	8	0.5940265607833862	0.0892424448719154
year	1	requête_7	0.1167263984680175	9	0.5940265607833862	0.0892424448719154
year	1	requête_8	8.38340711593628	0	0.5940265607833862	0.0892424448719154
year	1	requête_8	8.450226783752441	1	0.5940265607833862	0.0892424448719154
year	1	requête_8	8.421287298202515	2	0.5940265607833862	0.0892424448719154
year	1	requête_8	8.415837526321411	3	0.5940265607833862	0.0892424448719154
year	1	requête_8	8.509551048278809	4	0.5940265607833862	0.0892424448719154
year	1	requête_8	8.484169244766235	5	0.5940265607833862	0.0892424448719154
year	1	requête_8	8.562526941299438	6	0.5940265607833862	0.0892424448719154
year	1	requête_8	8.503071069717407	7	0.5940265607833862	0.0892424448719154
year	1	requête_8	8.472734928131104	8	0.5940265607833862	0.0892424448719154
year	1	requête_8	8.602402448654175	9	0.5940265607833862	0.0892424448719154
Names	1	requête_1	0.0444142818450927	0	0.474396059513092	0.0110721526982382
Names	1	requête_1	0.0412304401397705	1	0.474396059513092	0.0110721526982382
Names	1	requête_1	0.0423355102539062	2	0.474396059513092	0.0110721526982382
Names	1	requête_1	0.0425307750701904	3	0.474396059513092	0.0110721526982382
Names	1	requête_1	0.0429403781890869	4	0.474396059513092	0.0110721526982382
Names	1	requête_1	0.0415179729461669	5	0.474396059513092	0.0110721526982382
Names	1	requête_1	0.0425291061401367	6	0.474396059513092	0.0110721526982382
Names	1	requête_1	0.0432734489440918	7	0.474396059513092	0.0110721526982382
Names	1	requête_1	0.0412719249725341	8	0.474396059513092	0.0110721526982382
Names	1	requête_1	0.043879747390747	9	0.474396059513092	0.0110721526982382
Names	1	requête_2	1.0286903381347656	0	0.474396059513092	0.0110721526982382
Names	1	requête_2	1.0307157039642334	1	0.474396059513092	0.0110721526982382
Names	1	requête_2	1.0272643566131592	2	0.474396059513092	0.0110721526982382
Names	1	requête_2	1.0308713912963867	3	0.474396059513092	0.0110721526982382
Names	1	requête_2	1.0310711860656738	4	0.474396059513092	0.0110721526982382
Names	1	requête_2	1.030140399932861	5	0.474396059513092	0.0110721526982382
Names	1	requête_2	1.0279240608215332	6	0.474396059513092	0.0110721526982382
Names	1	requête_2	1.029860019683838	7	0.474396059513092	0.0110721526982382
Names	1	requête_2	1.0308103561401367	8	0.474396059513092	0.0110721526982382
Names	1	requête_2	1.0239207744598389	9	0.474396059513092	0.0110721526982382
Names	1	requête_3	1.0317187309265137	0	0.474396059513092	0.0110721526982382
Names	1	requête_3	1.0353212356567385	1	0.474396059513092	0.0110721526982382
Names	1	requête_3	1.0397522449493408	2	0.474396059513092	0.0110721526982382
Names	1	requête_3	1.0286011695861816	3	0.474396059513092	0.0110721526982382
Names	1	requête_3	1.031952142715454	4	0.474396059513092	0.0110721526982382
Names	1	requête_3	1.0337510108947754	5	0.474396059513092	0.0110721526982382
Names	1	requête_3	1.0731430053710938	6	0.474396059513092	0.0110721526982382
Names	1	requête_3	1.0355420112609863	7	0.474396059513092	0.0110721526982382
Names	1	requête_3	1.0377485752105713	8	0.474396059513092	0.0110721526982382
Names	1	requête_3	1.0343856811523438	9	0.474396059513092	0.0110721526982382
Names	1	requête_4	0.0440001487731933	0	0.474396059513092	0.0110721526982382
Names	1	requête_4	0.0426714420318603	1	0.474396059513092	0.0110721526982382
Names	1	requête_4	0.0422441959381103	2	0.474396059513092	0.0110721526982382
Names	1	requête_4	0.0416474342346191	3	0.474396059513092	0.0110721526982382
Names	1	requête_4	0.0428686141967773	4	0.474396059513092	0.0110721526982382
Names	1	requête_4	0.0423328876495361	5	0.474396059513092	0.0110721526982382
Names	1	requête_4	0.0412819385528564	6	0.474396059513092	0.0110721526982382
Names	1	requête_4	0.0422546863555908	7	0.474396059513092	0.0110721526982382
Names	1	requête_4	0.0755000114440918	8	0.474396059513092	0.0110721526982382
Names	1	requête_4	0.0402843952178955	9	0.474396059513092	0.0110721526982382
Names	1	requête_5	0.8170807361602783	0	0.474396059513092	0.0110721526982382
Names	1	requête_5	0.8115077018737793	1	0.474396059513092	0.0110721526982382
Names	1	requête_5	0.8164665699005127	2	0.474396059513092	0.0110721526982382
Names	1	requête_5	0.8162784576416016	3	0.474396059513092	0.0110721526982382
Names	1	requête_5	0.8494184017181396	4	0.474396059513092	0.0110721526982382
Names	1	requête_5	0.8076992034912109	5	0.474396059513092	0.0110721526982382
Names	1	requête_5	0.8152115345001221	6	0.474396059513092	0.0110721526982382
Names	1	requête_5	0.8121120929718018	7	0.474396059513092	0.0110721526982382
Names	1	requête_5	0.8468046188354492	8	0.474396059513092	0.0110721526982382
Names	1	requête_5	0.8086075782775879	9	0.474396059513092	0.0110721526982382
Names	1	requête_7	0.3266313076019287	0	0.474396059513092	0.0110721526982382
Names	1	requête_7	0.3266170024871826	1	0.474396059513092	0.0110721526982382
Names	1	requête_7	0.3279242515563965	2	0.474396059513092	0.0110721526982382
Names	1	requête_7	0.3634536266326904	3	0.474396059513092	0.0110721526982382
Names	1	requête_7	0.3262727260589599	4	0.474396059513092	0.0110721526982382
Names	1	requête_7	0.3285341262817383	5	0.474396059513092	0.0110721526982382
Names	1	requête_7	0.3280684947967529	6	0.474396059513092	0.0110721526982382
Names	1	requête_7	0.3293795585632324	7	0.474396059513092	0.0110721526982382
Names	1	requête_7	0.3284993171691894	8	0.474396059513092	0.0110721526982382
Names	1	requête_7	0.3263885974884033	9	0.474396059513092	0.0110721526982382
Names	1	requête_8	8.96510910987854	0	0.474396059513092	0.0110721526982382
Names	1	requête_8	8.968276739120483	1	0.474396059513092	0.0110721526982382
Names	1	requête_8	9.05014157295227	2	0.474396059513092	0.0110721526982382
Names	1	requête_8	8.949799060821533	3	0.474396059513092	0.0110721526982382
Names	1	requête_8	8.824435710906982	4	0.474396059513092	0.0110721526982382
Names	1	requête_8	8.87916874885559	5	0.474396059513092	0.0110721526982382
Names	1	requête_8	9.006629705429077	6	0.474396059513092	0.0110721526982382
Names	1	requête_8	9.024075508117676	7	0.474396059513092	0.0110721526982382
Names	1	requête_8	9.048842430114746	8	0.474396059513092	0.0110721526982382
Names	1	requête_8	8.990357160568237	9	0.474396059513092	0.0110721526982382
year	1	requête_1	0.26454591751098633	0	0.46854127645492555	0.014411549212264873
year	1	requête_1	0.2705073356628418	1	0.46854127645492555	0.014411549212264873
year	1	requête_1	0.2640202045440674	2	0.46854127645492555	0.014411549212264873
year	1	requête_1	0.2686350345611572	3	0.46854127645492555	0.014411549212264873
year	1	requête_1	0.26232147216796875	4	0.46854127645492555	0.014411549212264873
year	1	requête_1	0.26513671875	5	0.46854127645492555	0.014411549212264873
year	1	requête_1	0.27557802200317383	6	0.46854127645492555	0.014411549212264873
year	1	requête_1	0.2644069194793701	7	0.46854127645492555	0.014411549212264873
year	1	requête_1	0.26373767852783203	8	0.46854127645492555	0.014411549212264873
year	1	requête_1	0.2726786136627197	9	0.46854127645492555	0.014411549212264873
year	1	requête_2	1.0400161743164062	0	0.46854127645492555	0.014411549212264873
year	1	requête_2	1.034562349319458	1	0.46854127645492555	0.014411549212264873
year	1	requête_2	1.0312330722808838	2	0.46854127645492555	0.014411549212264873
year	1	requête_2	1.0249295234680176	3	0.46854127645492555	0.014411549212264873
year	1	requête_2	1.0351250171661377	4	0.46854127645492555	0.014411549212264873
year	1	requête_2	1.0385098457336426	5	0.46854127645492555	0.014411549212264873
year	1	requête_2	1.0301706790924072	6	0.46854127645492555	0.014411549212264873
year	1	requête_2	1.0315392017364502	7	0.46854127645492555	0.014411549212264873
year	1	requête_2	1.0247056484222412	8	0.46854127645492555	0.014411549212264873
year	1	requête_2	1.029242992401123	9	0.46854127645492555	0.014411549212264873
year	1	requête_3	1.036426305770874	0	0.46854127645492555	0.014411549212264873
year	1	requête_3	1.0348093509674072	1	0.46854127645492555	0.014411549212264873
year	1	requête_3	1.086599588394165	2	0.46854127645492555	0.014411549212264873
year	1	requête_3	1.032810926437378	3	0.46854127645492555	0.014411549212264873
year	1	requête_3	1.0358755588531494	4	0.46854127645492555	0.014411549212264873
year	1	requête_3	1.0405168533325195	5	0.46854127645492555	0.014411549212264873
year	1	requête_3	1.0408320426940918	6	0.46854127645492555	0.014411549212264873
year	1	requête_3	1.0411629676818848	7	0.46854127645492555	0.014411549212264873
year	1	requête_3	1.036773443222046	8	0.46854127645492555	0.014411549212264873
year	1	requête_3	1.043680191040039	9	0.46854127645492555	0.014411549212264873
year	1	requête_4	0.04402351379394531	0	0.46854127645492555	0.014411549212264873
year	1	requête_4	0.04137301445007324	1	0.46854127645492555	0.014411549212264873
year	1	requête_4	0.040712594985961914	2	0.46854127645492555	0.014411549212264873
year	1	requête_4	0.041062116622924805	3	0.46854127645492555	0.014411549212264873
year	1	requête_4	0.04216623306274414	4	0.46854127645492555	0.014411549212264873
year	1	requête_4	0.07570075988769531	5	0.46854127645492555	0.014411549212264873
year	1	requête_4	0.04176211357116699	6	0.46854127645492555	0.014411549212264873
year	1	requête_4	0.04203915596008301	7	0.46854127645492555	0.014411549212264873
year	1	requête_4	0.04118227958679199	8	0.46854127645492555	0.014411549212264873
year	1	requête_4	0.045607805252075195	9	0.46854127645492555	0.014411549212264873
year	1	requête_5	0.7997250556945801	0	0.46854127645492555	0.014411549212264873
year	1	requête_5	0.7966420650482178	1	0.46854127645492555	0.014411549212264873
year	1	requête_5	0.7979865074157715	2	0.46854127645492555	0.014411549212264873
year	1	requête_5	0.7937319278717041	3	0.46854127645492555	0.014411549212264873
year	1	requête_5	0.7949063777923584	4	0.46854127645492555	0.014411549212264873
year	1	requête_5	0.796356201171875	5	0.46854127645492555	0.014411549212264873
year	1	requête_5	0.8021583557128906	6	0.46854127645492555	0.014411549212264873
year	1	requête_5	0.8019406795501709	7	0.46854127645492555	0.014411549212264873
year	1	requête_5	0.7905311584472656	8	0.46854127645492555	0.014411549212264873
year	1	requête_5	0.8013529777526855	9	0.46854127645492555	0.014411549212264873
year	1	requête_7	0.12904858589172363	0	0.46854127645492555	0.014411549212264873
year	1	requête_7	0.1264188289642334	1	0.46854127645492555	0.014411549212264873
year	1	requête_7	0.13820099830627441	2	0.46854127645492555	0.014411549212264873
year	1	requête_7	0.16813993453979492	3	0.46854127645492555	0.014411549212264873
year	1	requête_7	0.12655973434448242	4	0.46854127645492555	0.014411549212264873
year	1	requête_7	0.1258101463317871	5	0.46854127645492555	0.014411549212264873
year	1	requête_7	0.12467169761657715	6	0.46854127645492555	0.014411549212264873
year	1	requête_7	0.12784528732299805	7	0.46854127645492555	0.014411549212264873
year	1	requête_7	0.13191795349121094	8	0.46854127645492555	0.014411549212264873
year	1	requête_7	0.12581968307495117	9	0.46854127645492555	0.014411549212264873
year	1	requête_8	8.345195055007935	0	0.46854127645492555	0.014411549212264873
year	1	requête_8	8.495795726776123	1	0.46854127645492555	0.014411549212264873
year	1	requête_8	8.46167540550232	2	0.46854127645492555	0.014411549212264873
year	1	requête_8	8.324553489685059	3	0.46854127645492555	0.014411549212264873
year	1	requête_8	8.455759763717651	4	0.46854127645492555	0.014411549212264873
year	1	requête_8	8.369323492050171	5	0.46854127645492555	0.014411549212264873
year	1	requête_8	8.301166772842407	6	0.46854127645492555	0.014411549212264873
year	1	requête_8	8.442776679992676	7	0.46854127645492555	0.014411549212264873
year	1	requête_8	8.47080135345459	8	0.46854127645492555	0.014411549212264873
year	1	requête_8	8.9345543384552	9	0.46854127645492555	0.014411549212264873
